Workbook

Sheet 1Base Properties
A2: MATERIAL DATA CARD / ДАННЫЕ О СВОЙСТВАХ МАТЕРИАЛА
C4: Material Standard | D4: Material | E4: Grade | F4: Thickness, mm | G4: Date of issue
C5: Стандарт | D5: Материал | E5: Марка | F5: Толщина, мм | G5: Дата представления
C6: EN10268 | D6: Cold-rolled steel / Холоднокатанная сталь | E6: HC340LA | F6: 1.6 | G6: 44007
A8: Chemical Composition / Химический состав
A10: C | B10: Si | C10: Mn | D10: P | E10: S | F10: Al | G10: V
A11: 0.086 | B11: 0.013 | C11: 0.428 | D11: 0.014 | E11: 0.0077 | F11: 0.033 | G11: 0.0022
A12: Cr | B12: Mo | C12: Ti | D12: Nb | E12: Cu | F12: Ni | G12: N
A13: 0.055 | B13: 0.0024 | C13: 0.0021 | D13: 0.024 | E13: 0.027 | F13: 0.017 | G13: 0.0044
A15: Mechanical Properties / Механические свойства при t=20 ˚С
A17: Test Direction | B17: Young’s Modulus (E), (MPa) | C17: Poisson’s Ratio, (ν) | D17: Yield Strength, (MPa) | E17: Tensile strength, (MPa) | F17: Elongation, (%) | G17: BH-Effect, (MPa)
A18: Направление испытания | B18: Модуль Юнга, МПа | C18: Коэффициент Пуассона | D18: Предел текучести, МПа | E18: Предел прочности, МПа | F18: Относительное удлинение, % | G18: Эффект термического упрочнения, (МПа)
A19: 0 | B19: 210000 | C19: 0.3 | D19: 358 | E19: 444 | F19: 28 | G19: -
A20: 45 | B20: 210000 | C20: 0.3 | D20: 367 | E20: 437 | F20: 29 | G20: -
A21: 90 | B21: 210000 | C21: 0.3 | D21: 396 | E21: 449 | F21: 28 | G21: -
A22: Test Method / Методика испытаний | C22: EN 10002 | G22: EN ISO 10325
A24: Thermal Properties / Теплофизические свойства при t=20 ˚С
A26: Density, (kg/m³) | B26: Specific Heat, J/(kg*C) | D26: Thermal Conductivity, (W/(m*C)) | F26: Thermal Expansion Coefficient, 10-6*K-1
A27: Плотность, (кг/м³) | B27: Теплоемкость, Дж/(кг·С) | D27: Теплопроводность, (Вт/(м*C)) | F27: Коэффициент теплового расширения, 10-6*K-1
A28: ='3Thermal Properties'!B12 -> 7853.99 | B28: ='3Thermal Properties'!C12 -> 445.98 | D28: ='3Thermal Properties'!D12:E12 -> 75.87341 | F28: ='3Thermal Properties'!F13:G13 -> 12.52165
A29: Calculated data / Расчетные данные
A31: The data provided in this card is created using average coil data; Severstal does not accept responsibility or liability for errors or information which is found to be misleading / Данные являются справочными, Северсталь не несет ответственность за возможные последствия использования данных.

Sheet 2Forming
A2: MATERIAL DATA CARD / ДАННЫЕ О СВОЙСТВАХ МАТЕРИАЛА
C4: Material Standard | D4: Material | E4: Grade | F4: Thickness, mm | G4: Date of issue
C5: Стандарт | D5: Материал | E5: Марка | F5: Толщина, мм | G5: Дата представления
C6: ='1Base Properties'!C6 -> EN10268 | D6: ='1Base Properties'!D6 -> Cold-rolled steel / Холоднокатанная сталь | E6: ='1Base Properties'!E6 -> HC340LA | F6: ='1Base Properties'!F6 -> 1.6 | G6: ='1Base Properties'!G6 -> 44007
A9: Mechanical Properties / Механические свойства при t=20 ˚С
A11: Test Direction | B11: Young’s Modulus (E), (MPa) | C11: Poisson’s Ratio, (ν) | D11: Rp 0,2%, (MPa) | E11: Tensile strength, (MPa) | F11: Elongation, (%) | G11: BH-Effect, (MPa)
A12: Направление испытания | B12: Модуль Юнга, МПа | C12: Коэффициент Пуассона | D12: Предел текучести, МПа | E12: Предел прочности, МПа | F12: Относительное удлинение, % | G12: Эффект термического упрочнения, (МПа)
A13: 0 | B13: 210000 | C13: 0.3 | D13: ='1Base Properties'!D19 -> 358 | E13: ='1Base Properties'!E19 -> 444 | F13: ='1Base Properties'!F19 -> 28 | G13: -
A14: 45 | B14: 210000 | C14: 0.3 | D14: ='1Base Properties'!D20 -> 367 | E14: ='1Base Properties'!E20 -> 437 | F14: ='1Base Properties'!F20 -> 29 | G14: -
A15: 90 | B15: 210000 | C15: 0.3 | D15: ='1Base Properties'!D21 -> 396 | E15: ='1Base Properties'!E21 -> 449 | F15: ='1Base Properties'!F21 -> 28 | G15: -
A16: Test Method / Методика испытаний | D16: EN 10002 | G16: EN ISO 10325
A18: Test Direction | B18: r-value | C18: n-value | D18: r bar | E18: delta r | F18: K-Value | G18: Uniform Elongation
A19: Направление испытания | B19: Коэффициент анизотропии, r | C19: Коэффициент деформационного упрочнения, n | D19: r среднее | E19: дельта r | F19: K-Value | G19: Равномерное удлинение
A20: 0 | B20: 0.86 | C20: 0.17 | F20: =E13*EXP(C20)/(C20^C20) -> 711.27364 | G20: 17.1
A21: 45 | B21: 1.17 | C21: 0.17 | D21: =(B20+2*B21+B22)/4 -> 1.1125 | E21: =(B20+B22-2*B21)/2 -> -0.115 | F21: =E14*EXP(C21)/(C21^C21) -> 700.05987 | G21: 17.8
A22: 90 | B22: 1.25 | C22: 0.16 | F22: =E15*EXP(C22)/(C22^C22) -> 706.43834 | G22: 16.5
A23: Test Method / Методика испытаний | B23: ISO 10113 | C23: ISO 10275 | D23: Calculated data / Расчетные данные | G23: EN 10002
A25: Hardening curve | C25: Yield Surface | E25: FLC
A26: Кривая упрочнения | C26: Поверхность текучести | E26: Кривая предела формообразования
A45: Available also in Database Доступно в базе материалов | C45: https://chermk.severstal.com/clients/inzhiniringovyy-portal/
A48: The data provided in this card is created using average coil data; Severstal does not accept responsibility or liability for errors or information which is found to be misleading / Данные являются справочными, Северсталь не несет ответственность за возможные последствия использования данных.

Sheet 3Thermal Properties
A2: MATERIAL DATA CARD / ДАННЫЕ О СВОЙСТВАХ МАТЕРИАЛА
C4: Material Standard | D4: Material | E4: Grade | F4: Thickness, mm | G4: Date of issue
C5: Стандарт | D5: Материал | E5: Марка | F5: Толщина, мм | G5: Дата представления
C6: ='1Base Properties'!C6 -> EN10268 | D6: ='1Base Properties'!D6 -> Cold-rolled steel / Холоднокатанная сталь | E6: ='1Base Properties'!E6 -> HC340LA | F6: ='1Base Properties'!F6 -> 1.6 | G6: ='1Base Properties'!G6 -> 44007
A8: Thermal Properties / Теплофизические свойства
A10: Temperature, (˚C) | B10: Density, (kg/m³) | C10: Specific Heat, J/(kg*C) | D10: Thermal Conductivity, (W/(m*C)) | F10: Thermal Expansion Coefficient, 10-6*K-1
A11: Температура, (˚C) | B11: Плотность, (кг/м³) | C11: Теплоемкость, Дж/(кг·С) | D11: Теплопроводность, (Вт/(м*C)) | F11: Коэффициент теплового расширения, 10-6*K-1
A12: 20 | B12: 7853.99 | C12: 445.98 | D12: 75.87341 | E12: 75.87341
A13: 100 | B13: 7831.92 | C13: 480.66 | D13: 68.7494 | E13: 68.7494 | F13: 12.52165 | G13: 12.52165
A14: 200 | B14: 7801.13 | C14: 518.23 | D14: 60.53594 | E14: 60.53594 | F14: 12.9055 | G14: 12.9055
A15: 300 | B15: 7768.61 | C15: 568.11 | D15: 53.05533 | E15: 53.05533 | F15: 13.32211 | G15: 13.32211
A16: 400 | B16: 7733.91 | C16: 633.63 | D16: 46.21313 | E16: 46.21313 | F16: 13.80122 | G16: 13.80122
A17: 500 | B17: 7698.46 | C17: 689.57 | D17: 41.23834 | E17: 41.23834 | F17: 14.17726 | G17: 14.17726
A18: 600 | B18: 7661.55 | C18: 784.85 | D18: 37.35365 | E18: 37.35365 | F18: 14.56085 | G18: 14.56085
A19: 700 | B19: 7622.8 | C19: 937.72 | D19: 34.42464 | E19: 34.42464 | F19: 14.97685 | G19: 14.97685
A20: 800 | B20: 7605.1 | C20: 927.88 | D20: 30.79253 | E20: 30.79253 | F20: 14.07569 | G20: 14.07569
A21: 900 | B21: 7620.17 | C21: 609.71 | D21: 27.95939 | E21: 27.95939 | F21: 11.68922 | G21: 11.68922
A22: 1000 | B22: 7565.46 | C22: 628.42 | D22: 29.16756 | E22: 29.16756 | F22: 13.03871 | G22: 13.03871
A23: 1100 | B23: 7511.21 | C23: 643.26 | D23: 30.37213 | E23: 30.37213 | F23: 14.15077 | G23: 14.15077
A24: 1200 | B24: 7457.49 | C24: 656.34 | D24: 31.57527 | E24: 31.57527 | F24: 15.08326 | G24: 15.08326
A25: Calculated data / Расчетные данные
A26: Temperature, (˚C) | B26: Yield Strength, (MPa) | C26: Tensile strength, (MPa) | D26: Elongation, (%) | E26: r-value | F26: n-value
A27: Температура, (˚C) | B27: Предел текучести, МПа | C27: Предел прочности, МПа | D27: Относительное удлинение, % | E27: Коэффициент анизотропии, r | F27: Коэффициент деформационного упрочнения, n
A28: 20
A29: 100
A30: 200
A31: 300
A32: 400
A33: 500
A34: 600
A35: 700
A36: 800
A37: 900
A38: 1000
A39: 1100
A40: 1200
A41: Calculated data / Расчетные данные
A43: The data provided in this card is created using average coil data; Severstal does not accept responsibility or liability for errors or information which is found to be misleading / Данные являются справочными, Северсталь не несет ответственность за возможные последствия использования данных.

Sheet 4AF
B23: Curve Name: | C23: Longitudinal True Stress Strain Graph File | D23: 38 | F23: Curve Name: | G23: Transverse True Stress Strain Graph File | H23: 63 | J23: Curve Name: | K23: Diagonal True Stress Strain Graph File | L23: 59 | O23: Curve Name: | P23: Longitudinal Eng'g Stress Strain Graph File | Q23: 38 | S23: Curve Name: | T23: Transverse Eng'g Stress Strain Graph File | U23: 63 | W23: Curve Name: | X23: Diagonal Eng'g Stress Strain Graph File | Y23: 59
B24: X Axis: Strain (mm/mm) | C24: Y Axis: Stress (MPa) | D24: % | F24: X Axis: Strain (mm/mm) | G24: Y Axis: Stress (MPa) | H24: % | J24: X Axis: Strain (mm/mm) | K24: Y Axis: Stress (MPa) | L24: % | O24: X Axis: Strain (mm/mm) | P24: Y Axis: Stress (MPa) | Q24: % | S24: X Axis: Strain (mm/mm) | T24: Y Axis: Stress (MPa) | U24: % | W24: X Axis: Strain (mm/mm) | X24: Y Axis: Stress (MPa) | Y24: %
B25: 0 | C25: 0 | D25: 0 | F25: 0 | G25: 0 | H25: 0 | J25: 0 | K25: 0 | L25: 0 | O25: 0 | P25: 0 | Q25: 0 | S25: 0 | T25: 0 | U25: 0 | W25: 0 | X25: 0 | Y25: 0
B26: 0.0019855208 | C26: 327.7 | D26: 0.19855208 | F26: 0.001974293 | G26: 373.7 | H26: 0.1974293 | J26: 0.0019780355 | K26: 341.1 | L26: 0.19780355 | O26: 0.0019874932 | P26: 327.1 | Q26: 0.19874932 | S26: 0.0019762432 | T26: 373 | U26: 0.19762432 | W26: 0.0019799931 | X26: 340.4 | Y26: 0.19799931
B27: 0.002356 | C27: 343.6 | D27: 0.2356 | F27: 0.003194 | G27: 391.3 | H27: 0.3194 | J27: 0.003231 | K27: 369.3 | L27: 0.3231 | O27: 0.002359 | P27: 342.8 | Q27: 0.2359 | S27: 0.003199 | T27: 390.1 | U27: 0.3199 | W27: 0.003236 | X27: 368.1 | Y27: 0.3236
B28: 0.003283 | C28: 357.7 | D28: 0.3283 | F28: 0.00527 | G28: 392.5 | H28: 0.527 | J28: 0.005061 | K28: 370.3 | L28: 0.5061 | O28: 0.003289 | P28: 356.5 | Q28: 0.3289 | S28: 0.005284 | T28: 390.5 | U28: 0.5284 | W28: 0.005074 | X28: 368.5 | Y28: 0.5074
B29: 0.004602 | C29: 361.6 | D29: 0.4602 | F29: 0.007468 | G29: 394.3 | H29: 0.7468 | J29: 0.00717 | K29: 371.3 | L29: 0.717 | O29: 0.004612 | P29: 359.9 | Q29: 0.4612 | S29: 0.007496 | T29: 391.3 | U29: 0.7496 | W29: 0.007196 | X29: 368.6 | Y29: 0.7196
B30: 0.010033 | C30: 364.3 | D30: 1.0033 | F30: 0.009721 | G30: 395.6 | H30: 0.9721 | J30: 0.009353 | K30: 372.2 | L30: 0.9353 | O30: 0.010083 | P30: 360.7 | Q30: 1.0083 | S30: 0.009769 | T30: 391.8 | U30: 0.9769 | W30: 0.009397 | X30: 368.8 | Y30: 0.9397
B31: 0.015723 | C31: 369.2 | D31: 1.5723 | F31: 0.012003 | G31: 397 | H31: 1.2003 | J31: 0.011554 | K31: 373.2 | L31: 1.1554 | O31: 0.015847 | P31: 363.4 | Q31: 1.5847 | S31: 0.012075 | T31: 392.2 | U31: 1.2075 | W31: 0.011621 | X31: 368.9 | Y31: 1.1621
B32: 0.022041 | C32: 375.3 | D32: 2.2041 | F32: 0.014286 | G32: 398.3 | H32: 1.4286 | J32: 0.01372 | K32: 374.1 | L32: 1.372 | O32: 0.022286 | P32: 367.2 | Q32: 2.2286 | S32: 0.014389 | T32: 392.7 | U32: 1.4389 | W32: 0.013815 | X32: 369 | Y32: 1.3815
B33: 0.028466 | C33: 383.2 | D33: 2.8466 | F33: 0.01652 | G33: 399.6 | H33: 1.652 | J33: 0.015889 | K33: 375.2 | L33: 1.5889 | O33: 0.028875 | P33: 372.5 | Q33: 2.8875 | S33: 0.016657 | T33: 393.1 | U33: 1.6657 | W33: 0.016016 | X33: 369.2 | Y33: 1.6016
B34: 0.034165 | C34: 390.3 | D34: 3.4165 | F34: 0.018764 | G34: 400.7 | H34: 1.8764 | J34: 0.018046 | K34: 376.2 | L34: 1.8046 | O34: 0.034755 | P34: 377.2 | Q34: 3.4755 | S34: 0.018941 | T34: 393.3 | U34: 1.8941 | W34: 0.01821 | X34: 369.5 | Y34: 1.821
B35: 0.039752 | C35: 398.6 | D35: 3.9752 | F35: 0.020977 | G35: 401.8 | H35: 2.0977 | J35: 0.020213 | K35: 377.7 | L35: 2.0213 | O35: 0.040552 | P35: 383 | Q35: 4.0552 | S35: 0.021199 | T35: 393.4 | U35: 2.1199 | W35: 0.020419 | X35: 370.1 | Y35: 2.0419
B36: 0.044838 | C36: 412.2 | D36: 4.4838 | F36: 0.023189 | G36: 402.9 | H36: 2.3189 | J36: 0.022342 | K36: 379.7 | L36: 2.2342 | O36: 0.045859 | P36: 394.1 | Q36: 4.5859 | S36: 0.02346 | T36: 393.7 | U36: 2.346 | W36: 0.022594 | X36: 371.3 | Y36: 2.2594
... B74: 0.24530079 | C74: 212.5 | D74: 24.530079 | F74: 0.24963434 | G74: 57.2 | H74: 24.963434 | J74: 0.25319251 | K74: 175.2 | L74: 25.319251 | O74: 0.27800567 | P74: 166.2 | Q74: 27.800567 | S74: 0.28355598 | T74: 44.5 | U74: 28.355598 | W74: 0.28813124 | X74: 136 | Y74: 28.813124
B76: The data provided in this card is created using average coil data; Severstal does not accept responsibility or liability for errors or information which is found to be misleading / Данные являются справочными, Северсталь не несет ответственность за возможные последствия использования данных. | O76: The data provided in this card is created using average coil data; Severstal does not accept responsibility or liability for errors or information which is found to be misleading / Данные являются справочными, Северсталь не несет ответственность за возможные последствия использования данных.
